3.486724243984346e-07,1.3882553572791813e-06,0.0013267907882118734,0.028987931240246,2.147177444617481e-06,4.684197767767975e-08,0.05736213031907836,0.00013578999261870605,0.020179798886876328,3.3524015465365083e-06,1.3483166047594632e-05,0.013805978822269973,0.00019966588951122002,0.00012521277908361601,0.014262213514537835,3.326040685781518e-05,0.000396967007280405,0.0001038086154002963,0.004887977208998364,6.443601676559135e-06,1.2363616803271481e-05,5.136090986432441e-05,2.229360296435906e-07,2.6743457621621155e-07,0.005790696969230997
4.478803241582102e-07,1.756500048398508e-06,0.002047524552832369,0.012733282813406445,2.7554430096649263e-06,6.167412083040603e-08,0.07497465883088479,0.00017355312227399164,0.02743283709403442,2.9403595417824805e-06,1.7691324493148237e-05,0.014955190109788427,0.0003221340594766101,0.0001759078689052754,0.014130385314950224,4.31781536960377e-05,0.00019384446747774018,0.00014561129180281162,0.0007881247847496663,7.905773452401513e-06,1.7545523867595183e-05,7.560733844831021e-05,2.9586334368849184e-07,3.4465160174342757e-07,0.008995089679700353
6.048792334867871e-07,2.1918491838349087e-06,0.0032159095355982327,-0.0035529598366539615,3.7286679137408383e-06,8.278405480591412e-08,0.08816255919929346,0.0002913185687124467,0.0217519195717104,-3.161778817621939e-07,2.6927462518207322e-05,0.01324413391778908,0.00041611924865725636,0.00017413939307457307,0.013280897167070309,5.2347185467523066e-05,0.0002787797949149491,0.00014601954896291674,0.012566467707180761,9.982274678223231e-06,2.4491062425862615e-05,0.00012693659061495293,3.937151827867138e-07,4.664410566400122e-07,0.011957753809672624
8.350800882691791e-07,2.7980660578550573e-06,0.0038579943993503458,-0.009870399220124934,5.158091991602334e-06,1.0968887261783623e-07,0.05790639319933733,0.0004328618431482037,0.01411254655379131,4.2278763066566615e-06,3.15590450659119e-05,0.010954493473046556,0.0004669647088766021,0.00013055905955406167,0.016092265363835782,6.940682193089161e-05,0.0008546159937017656,0.00011824422991864508,0.034044888349832,1.3849635012938995e-05,3.0534432657442455e-05,0.00015335797038647356,5.123374594293697e-07,6.403363092500841e-07,0.011169981881270627
1.0209745023821566e-06,4.092489471762056e-06,0.0025850542108158845,0.014535011844922037,6.325961876493428e-06,1.393531589232888e-07,0.07873432352793752,0.0005984691426341532,0.006259728661214776,2.868027139261459e-06,4.010715525168311e-05,0.00808824763621986,0.0005278107369276476,0.00020516549413100596,0.00864536064829656,0.00010615620982488996,0.0007930062671540409,0.00018325682807080138,0.05473818641776851,2.030932669442172e-05,4.042302868942195e-05,0.00017469593219195974,6.73885306997189e-07,7.847258691790247e-07,0.011595290630468035
1.338825055010564e-06,5.714148971597566e-06,0.0009662880164401446,0.0012890161688967215,8.272411684645253e-06,1.8833372468345466e-07,0.06236761281853017,0.0008570667048706414,-0.00161118739314782,3.6308970893434276e-06,5.178597373975144e-05,0.0038834188116577545,0.0006855588810815117,0.0003924990863113397,0.009039300414642588,0.0001447695916827464,0.0015153851268968521,0.0003376706891907653,0.0738369407595155,2.4353261474313723e-05,5.31041679795153e-05,0.00021271076499533196,9.185149047427439e-07,1.0358381473163125e-06,0.008035533626338274
1.7818894617047073e-06,6.83049502546402e-06,0.004238990428458208,-0.00030036989570993004,1.1009606727358756e-05,2.476622972943598e-07,0.040326129484203,0.0009164609545029487,-0.0046456166988110776,4.268748852011334e-06,7.088132547621942e-05,0.0008809470058294101,0.0009551042174799751,0.0005132031233004981,0.0059562298140310044,0.00017065299887537492,0.0023735617980954657,0.0004405235511897033,0.0895040129089826,3.098169040300253e-05,6.753104883009424e-05,0.000301972001096946,1.1908384192142106e-06,1.3748397228016513e-06,0.012694758310734116
2.475381576530323e-06,9.241240676551632e-06,0.012644379322808793,-0.00021426770786666527,1.5267465682690873e-05,3.269970164833608e-07,0.017714197943516558,0.000598918650736522,0.007225255292949576,5.837667090274065e-06,9.322036157518436e-05,0.005339698094658378,0.001537640343501434,0.000899637736234077,0.006933352847794184,0.00021197183482934536,0.0024041632539095175,0.0007457655473517654,0.0726485347776724,4.407343274859965e-05,8.191869076039598e-05,0.0003694938288437487,1.5323967255004572e-06,1.8958976999365234e-06,0.015763555213329478
3.188137361212206e-06,1.2188423004463374e-05,0.021366292559138002,0.0008414939162158021,1.9646977751032476e-05,4.2426828088030994e-07,-0.004941621132513947,0.0006639314448169703,0.0008552673117249392,9.135013886769464e-06,0.00011627808525453322,0.003051878155663521,0.002464681121389583,0.0014204076337323394,0.00247156470554734,0.00029088983209275387,0.000638338226000152,0.0011605321623038936,0.07670865829264789,5.753548269828698e-05,0.00011512927997107184,0.0004760785612575979,2.007808962628611e-06,2.4420669048851245e-06,0.017781099614976953
4.06463433967236e-06,1.545456667323566e-05,0.0286906393634156,0.001400228234234316,2.506054127995474e-05,5.691403767906596e-07,-0.013729513505136222,0.00216653213302746,0.00015266392176169018,1.0304177152846147e-05,0.000181409328860362,0.0033193301787691567,0.0032637517723932284,0.001439703338924144,0.0013029451526040765,0.0003739109541875456,1.0843412379614974e-05,0.001195337206024633,0.07246813365338989,6.868906223677814e-05,0.00018105942715614606,0.0009262409187705105,2.7324664502899717e-06,3.1451812836695308e-06,0.020621198069220952
5.836891966448932e-06,1.8312782288938703e-05,0.03354761305195897,-0.0014535756932792783,3.600932145080875e-05,7.79549849422358e-07,0.020221635886814027,0.004044333744077255,0.0004690829855147352,1.3073971203967703e-05,0.00024219001332739497,0.007232078087640199,0.003156807838956706,0.00036667039860319736,0.0030658219619732344,0.00046051250343354187,0.0046265563669813815,0.00040019064921939556,0.05093789420969804,8.650051956905811e-05,0.00023322903336437658,0.0013070446285030472,3.6555970078203675e-06,4.476076357797156e-06,0.02499100809906437
7.339458215237767e-06,2.647243063380773e-05,0.02962502656600834,0.0008728579530721157,4.5315784596034656e-05,9.658139727356648e-07,0.0017953048929160555,0.005476353107288634,0.001213779226844709,1.749654485959361e-05,0.00027897458260797855,0.007283583449499969,0.002486245617089872,6.218445013991709e-06,0.008673744656437,0.0007186160456000543,0.010119810382955743,0.0001886848723624384,0.02698009210911555,0.00014407857250177392,0.0002759766911743752,0.0012881496979633366,4.661809315528499e-06,5.624915030275249e-06,0.015013638951482241
9.092452172158073e-06,4.335012712674857e-05,0.03130896044094685,0.0004247550313522632,5.6021258540869694e-05,1.276254178257843e-06,-0.000414657647209138,0.0064936508873498795,0.001479089525394968,2.34157359371632e-05,0.00031439246850051094,0.005000778971647447,0.003526138196664806,0.0027805688914381093,0.008853681602705398,0.0011237540295366878,0.0148953477578176,0.0024129919372378374,0.0027877466032172364,0.00019272993820105077,0.0003344961569918295,0.0009806355790679896,6.3234443190832115e-06,7.03114378784406e-06,0.022692366093092768
1.1558201913760263e-05,5.2895318419031804e-05,0.036540868878404284,0.00016263270217379639,7.116707111055107e-05,1.6970731235212398e-06,-0.00029405088760302197,0.007307719035560316,-7.99447286840056e-05,2.8175302781652334e-05,0.00044404125231634344,0.005245482080042154,0.007096541628907277,0.006121426669392852,0.009542825901799184,0.0013242860073348845,0.019461054932760916,0.005058014070203126,-0.011541835510371941,0.0002131251178368729,0.000450998889961405,0.0015272663506653663,8.354331545650082e-06,8.977263943408041e-06,0.01882606390628047
1.7144666172077724e-05,6.110560103800092e-05,0.032504823845292956,-2.268563628806069e-05,0.00010583820831825544,2.3110548633317693e-06,0.0011755938082926385,0.006568572458542537,0.001387952413783611,3.5740924637129456e-05,0.0007000701428107791,0.005930586640970037,0.01368886476476156,0.009008841344540485,0.006812290954742271,0.0012839102094420716,0.022892196726193605,0.007277819150230845,0.009512032375635028,0.00026968178200685605,0.0005732966267760349,0.0029245165576561915,1.0662157939476072e-05,1.3183394602207613e-05,0.014492437212643473
2.3983268971052544e-05,7.48838851601765e-05,0.027053611291764236,-7.048739382355797e-05,0.0001484167978715766,2.9940233154805608e-06,0.0019540190873568843,0.010781969460005071,0.0020288559892619367,6.211966742289067e-05,0.000862094378115974,0.007373968212684642,0.022659157752475848,0.011774831647118051,0.009425722060560663,0.0016061112432761491,0.015186629334166856,0.009421479664972277,0.008477938380929466,0.0003909914538512389,0.0007585556488547438,0.003824340138063396,1.35238626678203e-05,1.8268418234487694e-05,0.009071682213437696
2.841391303799398e-05,0.0001056012382681835,0.020577060766012727,0.0003047305328797231,0.00017518048273366417,3.856357219708833e-06,-0.002012875125823225,0.013079220198420538,0.002461870624032316,8.455386213370422e-05,0.0012429264329181847,0.008245548326760837,0.031092959016468222,0.013849237175713928,0.008238555218540968,0.0026068481659506904,0.020657603203769432,0.01118111647232948,0.00033973212518731357,0.0005219392761357006,0.001305442879861876,0.006697348948023463,1.8462611150607918e-05,2.1846768197944046e-05,0.003993002105866341
3.871997641109688e-05,0.00013146104368266668,0.008111088816138408,-5.201962088424808e-05,0.00023904836706364592,5.429254261021201e-06,0.001227705624094948,0.01519739757124581,0.004125559099503615,9.088632707790484e-05,0.0017675465705739603,0.009034781522892391,0.03339711690141211,0.009126006236144058,0.006211721587581901,0.0035657760287535188,0.016436891981431962,0.007853653449945635,-0.000362823383300368,0.000561473961923474,0.0018828315168299592,0.010566098100253893,2.6309220889616282e-05,2.994513916787158e-05,0.005377246336099991
5.104872511910783e-05,0.00016938729339181134,0.017482941632199225,7.204749959984515e-05,0.0003150815626945765,6.884873891358525e-06,0.0006058914213539248,0.015357762616726653,0.006458767095142958,9.994626056258152e-05,0.0020671765916969735,0.010504209365447402,0.03605600866731107,0.01241528240246034,0.005402416662680265,0.005050145734556029,0.010679936346758356,0.01091051923368552,0.0007254968314014917,0.0009248441021195533,0.002049878146322565,0.010721213409645719,3.346348271047685e-05,3.929907152848555e-05,0.014983518817454609
6.434065731993212e-05,0.0003142346192578561,0.017373878956564514,8.300070755001082e-05,0.0003959808828458867,8.692325754620983e-06,0.0002469223962831246,0.01345504057564221,0.006776829468327395,0.0001467648768527044,0.0018829186677444471,0.012901570578260083,0.034692567317818335,0.009877070150320735,0.004393558833844226,0.008303606522131454,0.004971982466539001,0.009763276924535241,0.0018014712126822189,0.0015313696622200998,0.001827024775025513,0.0027859871875774225,4.283325786941037e-05,4.940634072351139e-05,0.014132447002459823
7.493567574087904e-05,0.0004408374318116661,0.008786725585899447,9.044825625580864e-05,0.00045984876717586847,1.124483411113667e-05,-3.7290971028042975e-06,0.018251879955366604,0.0018817299594251957,0.0002153880800896882,0.002229089158703437,0.01216617382714903,0.029101863880965563,0.00645145043086779,0.0033667638608358788,0.010783993803661126,-0.0005467800414100915,0.007854312458396297,-0.0007505626144080332,0.0017248324378040724,0.002390077179222496,0.0001097882219920206,5.6486358815284926e-05,5.8383604666919426e-05,0.014436085238113433
0.00011016603835751314,0.00044764612525001197,0.003893429277983563,0.0001007820838977792,0.0006781917744052994,1.6004917262476733e-05,-6.186884781818713e-05,0.027560203530768528,0.0004190547870475409,0.0002491169004886543,0.005099803946307358,0.013724250141200888,0.024483815454597876,0.0029455293892667665,0.005410559388128561,0.008313950844313044,-0.0025980907295785776,0.0047645455335273874,0.00013962163742339478,0.0015611304715484019,0.004115985698912482,0.020716792647913283,7.453725373723428e-05,8.583708225497376e-05,0.014917076184461362
0.00018406821821060344,0.00036731273384724936,-0.00012060213176144428,6.973481344908432e-05,0.0011403458680726976,2.2006761235905507e-05,0.00046432238780081845,0.02709465147935308,0.012961664704237624,0.00041673151340253814,0.007864803147424576,0.014169787282395456,0.014775955662322806,-0.000541488909672198,0.0048463935135663605,0.005299795447094959,0.006837438412599664,0.001008347780780486,0.0008462918050034056,0.002045507898367182,0.005906523135281128,0.0455354960857547,9.326157240090207e-05,0.00013931332522639525,0.011317959250383343
0.0002226485330152424,0.0005548357914927249,-0.0012177548680151766,0.00016341858256483968,0.0013768699330413967,2.676684438724557e-05,-1.5808129022757347e-05,0.030308698078820126,0.02803250938577786,0.0006731794450246069,0.010136625446408549,0.014117446054007606,0.006013864199818919,-0.0018411048308050234,0.011892475327435393,0.014386201237226864,0.003045600003692683,0.001046950689993859,0.00036250020798095145,0.00397075310329154,0.00971022213759011,0.06702618472837783,0.00012144613301814136,0.00016814415366003262,0.014709489043644615
0.00025426310479985517,0.0010240613666675363,0.005200086833788341,0.00020708988929508143,0.0015662899126528214,3.642498411460222e-05,0.00020300880358353307,0.02933416090761472,0.04110091282723425,0.0007390977954417281,0.013021375130092962,0.010420261491723922,0.0038423150966858653,0.003561665012061863,0.021272789203021416,0.03313219394896319,0.0026110174232138565,0.009604841659142209,4.661169800001186e-05,0.004892402834765709,0.014875992854168633,0.08758053364667001,0.00018616081605797344,0.00019657131910656432,0.01297595251393664
0.0003102625930720236,0.0013459070117343506,0.0015483204169230622,0.0002620623891486415,0.0019067239840985753,4.808373849976846e-05,0.0002372811747362781,0.017348862860040313,0.0535658688873485,0.0005197707264486398,0.01723632768708935,0.010283124096878107,0.002649614143998948,0.0008842683371451786,0.0306485166417433,0.04891567987337141,0.0008792063103854848,0.014463182007494572,-9.573950250728735e-05,0.006417897626516494,0.016264562642169546,0.10302738454164861,0.0002529516197216914,0.00024397127272775872,0.014540909209136036
0.00043970867540518173,0.0022670426030703844,0.0020904902658270374,0.0003256804058040918,0.0027086065611562726,6.0846280282346885e-05,0.0002607941742636805,0.024230433831829854,0.06313620186529292,0.0005976851689273576,0.020846135057270978,0.012874709132760719,0.004577194908601959,0.0007693147599572944,0.04006521990981416,0.06720829573633694,0.0006052049455686917,0.021364560183269255,0.00024652481576987724,0.011941847225865884,0.008563631289941297,0.06828259792119931,0.00030270466425034965,0.0003406764943805143,0.010259065664952329
0.000538546712703717,0.0035022043037572677,0.0024802298077893957,0.00039576819942881424,0.00330946345162144,7.400480579374693e-05,0.0003025785914901336,0.021866414609667213,0.0425263865258938,0.0015939836267704027,0.03124675729418819,0.013250134942264654,0.007191043555343076,0.0009378719009062843,0.044193250629439,0.09296889781082449,0.005522333206254622,0.02751669044449694,7.085190933863728e-05,0.017756198793082868,0.004495391876008854,0.09289100129404546,0.0003586643770825635,0.00041402513526302544,0.005173837964654527
0.0006950813675887578,0.0036369400589025616,0.003265808662187166,0.0005312788706070609,0.004265583928008218,0.00010559934031042406,0.0003463364191088782,0.017119130966869362,0.057587075842917626,0.0024248285680524393,0.034904914204237296,0.015915391308970638,0.0053889032776896,0.0012406433777091387,0.04267510678714533,0.09664231085297,0.010364399029083907,0.027874412339866275,9.40446366649355e-06,0.018695791136209894,0.025883544076374963,0.07383192559185514,0.00048515172607537833,0.0005436260653517657,0.009553208227010505
0.0013426151820547844,0.0013246838594297473,0.005298706204815914,0.0006476603472668834,0.008324606952781975,0.00016532527638439757,0.0005380751268986411,0.015940458205546425,0.047957734582804716,0.003366007934760954,0.032875442264667445,0.01822995903265828,0.006369070938748697,0.0017023947069190408,0.04409859812865627,0.09610713571410275,0.016210761814460076,0.028603439795457857,6.942061596483323e-05,0.02482725550441272,0.06068275869721992,0.04788256478704049,0.0006671413767091506,0.0010203953699915646,0.017915073391840466
0.0018917675081978693,0.0006277430159889859,0.007010098082710921,0.0008756867894797058,0.011752688272243317,0.00020216831997576967,0.0006303007939116286,0.01122681947713221,0.03504131942929222,0.005362142852516382,0.038792216570232074,0.021270598384089064,0.009123456501624157,0.001906756531243736,0.05546188768268692,0.10583478790156427,0.021286725576197076,0.025644973266664997,6.751971812241939e-05,0.02648286286313702,0.09591151034802901,0.02212637251779907,0.0008385685675036602,0.0014105761388840637,0.018551186099973162
0.0018714510787839571,0.007226116893407905,0.008835441605795243,0.0014969701936217849,0.011553907085585811,0.00024137898753459088,0.0010784861509576412,0.00803050961592732,0.021419541320578255,0.007366339642946503,0.02950040692149651,0.022751543723750052,0.011930333272708522,0.0031744836478185077,0.06785787277715255,0.11052605621541017,0.025624304105875864,0.024715219038064812,6.504217816571792e-05,0.019232971684352645,0.1270392482812836,-0.002831823492412277,0.0012841341474457413,0.0014220274865478196,0.020294841399927314
0.0014445074742090308,0.015254651897497407,0.008106092824831754,0.002057727487646904,0.008745289500224438,0.00030596020842293124,0.0015043299313705018,0.01655134347535117,0.005814642434884099,0.006881414151205609,0.03407780121029702,0.020397358275897465,0.015910662419863306,0.0044069914851969216,0.07525470133019761,0.09633921790053379,0.017937990276870357,0.018579380555628047,2.2494817127890015e-05,0.0222111157595485,0.1452407400828876,-0.012155691721974124,0.0019230341910083646,0.0011966787003667221,0.02295149715020302
0.0022423662995819304,0.022158260627768857,0.009769370562837823,0.0023442441602136606,0.013665069126096833,0.0004200966543852152,0.0016010797343561929,0.013007354285121711,0.00013909689564562704,0.00915410240779476,0.035619739892351156,0.020817095870926068,0.027972833012466787,0.006156435604779272,0.08918725785507124,0.11038373774331614,0.02160919804130091,0.012741415700106505,6.185187885745062e-05,0.01668690587023016,0.10907361080744053,0.03020660177233802,0.0023060655222875005,0.001841033433847698,0.021515700324870383
0.004253009914462824,0.02855622537789209,0.016818004103932617,0.002267140053097717,0.026231166607855495,0.0005231048537802142,0.0014545163743261164,0.011305346087964295,0.02797064940373891,0.009092367586656724,0.028603669433504706,0.027721048631213274,0.04340670596437406,0.0072849890436815605,0.10964432400160438,0.11792300360359627,0.016915282994874593,0.008323901264167384,7.608829820908184e-05,0.010593573626242013,0.13425472328362864,0.012644648904075843,0.0021966634736534578,0.0032376709579530565,0.03433416293287796
0.00556480996703203,0.03363555115055389,0.024073060073831712,0.0029971546713429536,0.03429662809930466,0.0006814597127499537,0.0020850337338148336,0.009339172257898926,0.021413683758559003,0.006441100726857321,0.019440749049785405,0.027032380069492958,0.051608958995582016,0.006386161860558728,0.10317078010958905,0.14762182146969147,0.016017855713455022,0.008492643015800123,8.710636985203691e-05,0.011008846263095326,0.15168428057152517,0.010218318084179596,0.0025667202049465044,0.004203863114927992,0.03661686423721697
0.009703045973307723,0.02419075526605765,0.03821808643431135,0.004623324350502626,0.060196095329228476,0.0011968290864756786,0.0038045221450749302,0.009185402938387741,0.0352859469538446,0.006887813642070399,0.022184056048156688,0.02977743233858394,0.06207431102486731,0.006552483385020453,0.11149821200248873,0.12641414194715722,0.016524111454991396,0.007656527625338564,0.00011585453660343023,0.009614624715462901,0.1501119692281814,0.0023882782672828696,0.004559883239714617,0.007345800027963989,0.039222982548497425
0.015268578327959362,0.03317558053239566,0.06106527582393096,0.006378888320297118,0.09511383556231438,0.0016421721181082041,0.005003210877101769,0.010547941005771,0.05963630342004644,0.0054254340205842945,0.02029772078092223,0.0434156998563313,0.07611903851915582,0.014887408063054578,0.1128562929782547,0.1382898080411786,0.015877831364200106,0.01322825105105161,0.00014522244926091596,0.014609673172597896,0.1517465725844372,0.0014113176754180982,0.006723705420653373,0.011404517107225154,0.04679164579594128
0.015524452838742694,0.028981038011511993,0.07989905903614646,0.011079012499014282,0.09632652245403818,0.0017265994364020155,0.0076746254425528425,0.013310614849676982,0.08619951409649927,0.004611756780213098,0.03148872767624228,0.058825386207073276,0.06670470400758313,0.026731476525186544,0.0926034784934229,0.1377206734002958,0.01900094875431218,0.02224848437433021,0.00019361707683103387,0.03192117753768407,0.1509742853562335,0.022937068228575743,0.009587241178458461,0.011612059521763534,0.04171287271194948
0.004262247807342396,0.023644359072519248,0.07799671301041879,0.016507803894056233,0.0242722716862428,0.0016393954029365891,0.011368862436074063,0.015153519482179162,0.09282698228271356,0.006258721080658173,0.02943007848850783,0.06654538091123471,0.06819451626110108,0.03772376848632283,0.09191540298291963,0.1787198134763616,0.03240971268502765,0.03671992091273574,0.00024895058992876535,0.03816385768235469,0.12639369768140227,0.04317058389363305,0.014043009599807291,0.004052377749799587,0.04502779921730139
0.0005968510990741878,0.018243843752710175,0.10523057216761651,0.01835943133540059,-5.188505269854706e-05,0.0024100880483618374,0.012427518360419491,0.01882051610437465,0.10338345205898034,0.005271180371105516,0.04238112431377113,0.08276016915599756,0.0724042579513797,0.04721941626762291,0.0738985305897854,0.1570862868021097,0.02071686656544252,0.05467248739816042,0.00031358854114741465,0.04289780763295067,0.16109764375365637,0.06838652071273575,0.01752937277503784,0.0025093549509347924,0.051997168532315945
0.03016412435780355,0.00995583569014817,0.1157878023685942,0.011316401240885657,0.18594078573653258,0.004000195894668356,0.006889250377242035,0.033196702490807195,0.08731015980702991,0.005205835152323218,0.06490878807632894,0.09603210882044573,0.08316664892568669,0.05747617535223447,0.061589799816638605,0.1600348703988456,0.024422394851786863,0.07318144260317666,0.00039667202792316594,0.04521822846485165,0.162815493178354,0.0881927477172072,0.013858655350250406,0.023416706466340986,0.04936107007991365
0.06575173558465609,0.005281588045217606,0.11759440828393931,0.00908455878910154,0.40979639429418674,0.005153728920480541,0.00534718476264241,0.04975162964265675,0.09241376954069778,0.00727513401095284,0.09402321581184325,0.08883489430051088,0.09630956968659352,0.06207006700537052,0.08548448919354971,0.15185273341395364,0.020645662138928385,0.08306320300529295,0.0005556509801551883,0.05285819889514171,0.11937460952573166,0.10318516381262197,0.008169158479288667,0.04744115172932636,0.05181754529517201
0.09663689621562924,0.02801092930813797,0.1409489326462619,0.030438958649757288,0.6032910415207183,0.008516137830511803,0.026510275221037615,0.06732298612644794,0.1389061699037225,0.010378132612355616,0.11615778122559775,0.11371883102196721,0.1143755659209355,0.08325448230258581,0.09008059081535999,0.1268414717209727,0.024226644785452178,0.08844439715517999,0.0008115185943583074,0.04469392627352795,0.10001689849704179,0.06784147686743067,0.025363030530758775,0.06993110071085108,0.06482335286222975
0.1263261836328612,0.04352923543863365,0.16405813252495624,0.06150056475558539,0.7887779638232351,0.012963416601697857,0.05273917732651705,0.098521505821492,0.17621733945352366,0.018119374508878384,0.14750655466703835,0.13251682694075012,0.15410652924249701,0.11417818704604656,0.10503176028747777,0.14041106122937988,0.027763520169523413,0.10094900966174339,0.0010516547682203562,0.05200537128015168,0.07096428639506393,0.09214410864189003,0.062414081988879905,0.09329338989095833,0.07614819455629536
0.1486934252660385,0.06161572586871328,0.18661700461046962,0.10343847741831408,0.9275797132631259,0.013672850426300974,0.07265837764777018,0.12257802178513885,0.211111512499528,0.02685382813324247,0.14747718198118762,0.14344223977235437,0.18891779429285183,0.13192956726844626,0.12517259767227798,0.13449570950831388,0.02549928270198939,0.10156503270315778,0.0012683257740433121,0.058440718368576026,0.057001009710613434,0.0738904613484366,0.09628746097612115,0.10924247674096536,0.08671989811404765
0.09945285658566788,0.07120666280145051,0.21984081396373614,0.14501310105277515,0.6099840125911945,0.007271951435617278,0.08806500567165268,0.1306557969862606,0.24196474138490978,0.03269882578085692,0.16241531425233063,0.15477603328187056,0.19878440068916647,0.14598771259024518,0.13458931018042308,0.09457798494969032,0.025782961176706674,0.1045813932737841,0.0016208813804116616,0.055818800886999156,0.07851782076521487,0.04822930683477164,0.11678794652848588,0.07048107866127834,0.0944977637412101
0.13604172113288723,0.08505333249853986,0.23802980179857147,0.1733256987994845,0.8291351979462814,0.006797210406388925,0.10420479618993564,0.1437634852001626,0.23769065912213702,0.039064223541580546,0.145775026244871,0.15164027499692406,0.1953974879523489,0.11996213376176385,0.1328476103012665,0.07770162494592157,0.043193896850582086,0.08398457348700183,0.0021308741019425005,0.06462805257741763,0.07800038928014023,0.022687538214040553,0.13788059863993826,0.09375514393692691,0.0785822032119423
0.1099865433345264,0.1052119454256251,0.2344549166634396,0.14145094458404509,0.6580732752708978,0.028884606071143886,0.09200643489984987,0.15099251074692552,0.20424108375656072,0.048265820794663496,0.141681125393103,0.14225717659586679,0.2249158458809946,0.13792430691227012,0.14161403650264437,0.0683360048103483,0.04391535080463999,0.0842601900609732,0.0027160256059424017,0.07778235321839397,0.08005710291537457,-0.003489947286700234,0.1471565398855252,0.09904481089249428,0.08458472925797167
0.07303824664011041,0.12966473083380822,0.22560029985767555,0.19398485924919867,0.4272114206288011,0.05392328019454749,0.1267633008869439,0.14670058011586104,0.23045425416835552,0.06302433345597896,0.12647380873231925,0.1563761140902409,0.2136439004658425,0.14348524274521265,0.15248773430151275,0.09131331655743269,0.057169797272941136,0.09979139928197549,0.0037306915461235994,0.08686016169667429,0.10680689586373755,-0.013785701446545286,0.17199436497844792,0.09871447708506954,0.09020872852373144
0.035746915034279424,0.1680490251160822,0.17274864778538487,0.16584556602747327,0.1907156400088768,0.0775738271477628,0.13029776517833735,0.16046753022151217,0.17918908841215592,0.08719286056520859,0.11120923340666353,0.15099934501595375,0.23786936637852,0.19298315563083132,0.16453422894689995,0.20138392721550982,0.08042503937251261,0.11443460410359886,0.005855456665209407,0.10772082766858981,0.1059834187312893,0.026667257026597762,0.2194991458046784,0.0879889022887353,0.10152881249663231
0.0019736804851606883,0.2178000081315136,0.15919848751715454,0.1660559904971776,-0.043158570769593896,0.10462101559740586,0.15058734359301792,0.19335098957768354,0.1405341733383444,0.12075761866187963,0.11370424169258098,0.17926488159739037,0.2502026961261826,0.24308648524908025,0.16447837815799146,0.21898599631396506,0.11265285852614795,0.1607144843144713,0.008180706594461648,0.13265415489771173,0.14924901553576642,0.007337753861562182,0.23446766210007117,0.08197757819598518,0.11887154692971212
-0.006949615475622518,0.275871436293014,0.14847251088598448,0.13765016102907743,-0.13183592260224572,0.12632693543894394,0.16682137430142266,0.24629478321308734,0.13132333591146333,0.14433867570624515,0.154446998951187,0.2180931280770042,0.278685679325086,0.2967162407693561,0.18255872566131576,0.2605459572281497,0.10897599289348418,0.2196229424227335,0.009021786759183206,0.15485032969242996,0.17361484207220573,0.006432118736142264,0.23509216499945854,0.1072053057844716,0.14451633944516196
0.05720590834515595,0.2756631088425316,0.1380022519352778,0.10355127872694246,0.22505400120859934,0.10191440541273608,0.1456384049760182,0.2799160948927855,0.1585083495578669,0.13548708051406713,0.16432901174011819,0.23711119055929972,0.2448106399561711,0.3109452600942766,0.16514386270691667,0.24137542358931596,0.027020097910677332,0.25218058646605157,0.009482008006665033,0.15280044828135916,0.18676871661220099,0.009860359107948587,0.16516767049714368,0.13852069685382323,0.1471419489196634
0.04143559906713869,0.34369741725564906,0.12657030514324286,0.060993150758103166,0.028902468241907408,0.14637998125368876,0.19482925491894645,0.31233835732506127,0.20364266226701203,0.15873746347355022,0.22078060273775343,0.2627990905677287,0.26058958879905847,0.34021061245568746,0.17968893409496425,0.24193181214854736,0.0013430148037313927,0.29128452421374423,0.012757031220655522,0.1648140425016153,0.2118026692920573,0.016476890668766977,0.18482617743772523,0.16669644492079969,0.15068760784576601
0.04959568576551946,0.36721361936295743,0.12853596415787638,0.11447096230167687,0.010771026724780197,0.1374158913140838,0.22961190147455152,0.3165546474020929,0.28273849989188476,0.18122595603424696,0.20827005522102796,0.2797958030418629,0.24962678540724662,0.33484394702567494,0.1818489602164766,0.2606143555449144,0.20726976424713764,0.3049083878175492,0.01936501491949277,0.1605243273154805,0.2229861397064156,0.019259532243910683,0.15599972537235163,0.16741070115136505,0.15914634881835718
0.03927980273670732,0.3061466918594268,0.12979573081364237,0.06693467041702165,0.024916285018548086,0.09190056398775925,0.12975921175420163,0.3023528936319868,0.2439008053859201,0.2041804282721198,0.20492889271622783,0.235616516644823,0.2201058835062838,0.2914181296507031,0.14284633546741982,0.21499591758563535,0.43775420770638135,0.2803916415364569,0.027787803133118353,0.15584252803947748,0.15537447677525307,0.008786843885290772,0.15139315711251633,0.15439310343079757,0.13690737540978784
0.01834343664176528,0.2422828909962476,0.13459563480086123,0.07555828496551367,0.04918651901514797,0.04634553342874977,0.12625469431294262,0.25751346931669594,0.1979100283201486,0.21361474618617757,0.17149454763762023,0.2283802086070576,0.17434649232623475,0.25248039683860174,0.11711904680073534,0.12944080831598667,0.6401919051029824,0.2462750141970133,0.0429237326234787,0.13311963143730768,0.16047765928045266,0.012298717832259762,0.08966598164871284,0.10291849086736442,0.11669802284749112
0.0461172988378489,0.2596249774487309,0.13279368315824608,0.08384674442098713,0.08380181744398099,0.08203271638263539,0.1869138432978121,0.2523864260408592,0.29304755311623665,0.2668572611680454,0.21063369864946915,0.2164209229136758,0.15669257635932854,0.20911160269093124,0.14921615082570255,0.11278888045958924,0.8407266047155286,0.23942195605558492,0.06351898420797429,0.11950610074100848,0.21058341040627393,0.037962860293731436,0.03904274117651942,0.12790460763853756,0.10677389300198625
0.13665618789486147,0.3164081830258096,0.12073018270102695,0.11839744800794216,0.07791186032451357,0.18851009818182,0.26284101833722756,0.22409195643277582,0.345184322972393,0.323407620336359,0.24555151006996276,0.21429254421247876,0.16388894982706495,0.1802820808394125,0.19091247070571105,0.13193926062166475,1.0,0.2373835968336698,0.0681341903105202,0.11075819252091113,0.28549595109621767,0.06932134221471407,0.01238130351519965,0.11836983990972649,0.11204624578568405
0.2480812091749319,0.4377266394142022,0.12123703666258781,0.1487393791506699,0.1171271914196405,0.34598228389493263,0.358053488303136,0.22925387405833933,0.3745534481287068,0.32547260344586804,0.2884119411677316,0.24079437308154739,0.23723537981066528,0.1930643508096676,0.26170935292556347,0.21922553603499215,0.6770492357152103,0.293944844851504,0.04885454379124531,0.12981678067252916,0.35892846635228687,0.09212538412406336,0.04911421510458324,0.15819831889859498,0.14144427421762423
0.34659542225681633,0.5404754370952453,0.14772395334340624,0.20557817010787074,0.041851967674626775,0.4494779302918384,0.4201125258640896,0.2717846063499757,0.44703621692872086,0.42950030769351205,0.346953183001168,0.3133423022028199,0.3083363100880025,0.2608753233594712,0.340947109470125,0.3019222078332684,0.917233043496259,0.3930862839988268,0.05199742459752437,0.15571982560255745,0.46557631544183087,0.11343979125533832,0.012846932876244374,0.15259900099839166,0.22010064510505245
0.43403162470254864,0.6862219205149311,0.20581426842776823,0.26231067365593447,0.013384555295463903,0.5649397172376774,0.5329794726308446,0.3571343792934785,0.5570404422991296,0.5078648506444323,0.4623275213115448,0.4227465401268081,0.4003913068662862,0.34109078758805256,0.4255222873949582,0.34278421900426764,0.7396741347941876,0.5135977030327111,0.1336177110878624,0.21816072349663992,0.5837530050818298,0.14081982336594315,0.04995867186034811,0.16372774220730157,0.2831554127985836
0.4234331503792295,0.7351889402446843,0.247633214129494,0.3068950256317449,0.1937208125289276,0.534276817227108,0.47438118194437956,0.4068682295099449,0.553601584055336,0.47946800862254546,0.4754962256519346,0.5037371281464375,0.48769844600612255,0.3967131353434527,0.4274063309182217,0.33425927183694887,0.48945557250645305,0.5834475620903562,0.2628564407326134,0.28099712297388735,0.6167252305622543,0.1318385150001783,0.056329060599238694,0.1495053605098098,0.330481782591514
0.3714295126239611,0.8604317815160161,0.332309928480623,0.4406584516005865,0.42166950698299815,0.5885303844144502,0.6492763572130118,0.5487016346930893,0.8218560447786953,0.5812777052882514,0.6400333453978276,0.6102228846046873,0.6134887376333146,0.4887305685330185,0.5465153493936329,0.3786644822378953,0.25076160008057713,0.731252314552576,0.3946955520159446,0.3677782740185982,0.8351044729477266,0.1801882827424689,0.08779923211249295,0.25748672251205773,0.408717783951146
0.46944414072860957,1.0,0.41761957522343274,0.5613583318516872,0.6328867926056999,0.6310220103416463,0.6754714212365973,0.6844850746189393,0.9581569812002949,0.6627036142364418,0.7673988138709701,0.7791305477365019,0.7735550641110204,0.6162356327880887,0.6296865116534937,0.4318046982869071,0.019069346606573855,0.7450424958746092,0.5460694982902351,0.5109537229749359,0.9715328140676421,0.19565552927757093,0.12792763436658908,0.3083009738176207,0.540201592541954
0.425932628880383,0.910202598446112,0.43719572620152125,0.5924771057609612,0.8206241575978124,0.5239660342266121,0.6119637255738936,0.7411974813992139,0.9809907734071882,0.6621594490440016,0.7728546432353963,0.8032886630170828,0.7877177555092276,0.6463615708227419,0.6155686329590672,0.47366088953825974,-0.07120969357082865,0.7955468370506905,0.6520282657524133,0.5939065663236709,1.0,0.23270595814440143,0.16949838242186385,0.3190365730160982,0.5864548969015797
0.3253069365037551,0.8917542911377692,0.5007458787130215,0.5468837791005988,0.9867297073909302,0.46530083508208325,0.49300947076185464,0.8202920304154196,0.9737884485944067,0.7351871074594348,0.7828771194142609,0.8467936066093408,0.8157043243305786,0.6634760055460317,0.6376972442608784,0.5022568594634947,0.30874296170965815,0.8467488554110322,0.6503367543750075,0.6660922673445273,0.9596585977067901,0.24468275625818464,0.18233971789597264,0.36769557974420664,0.6530737802840229
0.23508854193805867,0.7332133063905811,0.5099902710867106,0.4669654796756019,0.7037508988036122,0.3100724428776397,0.43129082912200095,0.8339183122532773,0.906976798357251,0.6642702189433408,0.7117060419478642,0.8195922483120476,0.7511117559259124,0.6534882552781,0.566650823995329,0.528491965297014,0.10304474563253575,0.7905103909973833,0.6654841222505404,0.6694508115536175,0.8466556010142426,0.2263969535002711,0.23102306135126333,0.3249819286578203,0.633106017780941
0.2510749684018264,0.583254464947697,0.4923914884998834,0.48580977132351233,0.9236307072311023,0.27247979449906995,0.35801039812287117,0.8122553270611015,0.8039339798426792,0.6331806287238431,0.6658548498805256,0.7567286266550128,0.7710636339753283,0.6050862845749577,0.6011095443021177,0.5185094400572732,0.05216944215791609,0.8397560703790152,0.7175406941186652,0.6977231380888009,0.8545617461544316,0.3720231125172099,0.24162496609768405,0.376689991517308,0.6408085885067213
0.3574344266146948,0.6640956546016177,0.4957700524401961,0.5851625173613226,0.6794846793597417,0.36136794814290907,0.5481227007449101,0.8497516898046371,0.8382469276471063,0.7645152939786662,0.699086930612827,0.7480636591182745,0.8094261140787216,0.6489187870210139,0.7003543523961572,0.6059255341420576,0.0877556212237063,0.9194899565053284,0.6258942845773662,0.7258661601196198,0.9941620096998887,0.5337969261884343,0.28770718242588794,0.3634998432503798,0.6556725479489323
0.6322628580380234,0.6478817198235202,0.5216616155634605,0.5598964715305357,0.4228408378989544,0.3722194358872368,0.5710914703980372,0.8166278568345104,0.7380098087928023,0.7803507580640147,0.7198377944479265,0.7627127455040176,0.8163755379968353,0.6289285959776378,0.7231522200572101,0.5201921213148936,0.10842458503323478,0.910317694638196,0.5474854143347533,0.7629093999008331,0.8617494195828189,0.5279151253353173,0.29552069470345194,0.43837078514656386,0.6652729618592478
0.7316916148095176,0.5953106610259914,0.5821341028314341,0.5747005079655706,0.37200635107107904,0.4875553648548201,0.686574359673682,0.8885511730850858,0.6624523527497571,0.8650587198012907,0.7420304997398225,0.7816325532000319,0.84480740212682,0.6356755781784025,0.7498299535632281,0.6139609577857424,0.1104091394869937,0.9053775592536186,0.5712655374495605,0.8251729757879238,0.8498719879365396,0.6654184256503006,0.36429521823789973,0.48932711577909693,0.7245450361479264
0.8614974586986268,0.6853283493202805,0.6781775242421102,0.700310886915068,0.3574008182242397,0.6372252079019781,0.8240229146438933,0.9856332509441271,0.6859475910083775,0.973585009204715,0.8495093958679021,0.8964962806746946,0.939126772993259,0.668477049432943,0.8693938751149864,0.6596022263587549,0.07656215223353684,1.0,0.6292577355296015,0.8886262294803512,0.8446110024637354,0.6581811223370505,0.4200534402864519,0.5603408525491987,0.8056355007055613
0.7834476334997196,0.622079941589524,0.6240976781043917,0.6836370990884205,0.45837305408850687,0.6384920660900154,0.8195391710465786,0.889341280226912,0.6311373109099325,0.8696828544875749,0.8147424721493144,0.84165947719114,0.8082465118037357,0.5953349042111035,0.8010929692768937,0.6858878618862058,0.11702709870786437,0.9203084643243641,0.6797987962268358,0.810621708442608,0.7088208099326643,0.45338275028094194,0.4337771699512831,0.46429863197213717,0.7389640063288239
0.9567778111357118,0.656028538223277,0.6786903605083834,0.849329976631168,1.0,0.8685241936848583,0.9507622717163651,0.9327623570523036,0.6593137347121745,0.9625598387725024,0.8882548698464977,0.8776937511673867,0.9184430034475461,0.6337360480807142,0.9292944853745275,0.7135600109435228,0.13017082690624712,0.9617395497654654,0.7681354961697975,0.8855399870522983,0.852568421260839,0.6408496671449044,0.5581752354015923,0.48416791483541655,0.8187291543870202
1.0,0.7761548711120105,0.6749925392989171,0.8929446558507327,0.9449440893241388,0.815687534924092,0.9128777100759362,0.9543229997585483,0.6819096732648742,1.0,0.913938416101662,0.9205841476508007,0.9727421525386276,0.7650885863667811,0.9637544694114737,0.7975566043346531,0.16289474129967269,0.9892643654553847,0.8519936597597318,0.9497129752826051,0.8026228706079143,0.6543959481595636,0.6673134870165577,0.45184006291628176,0.912522703022157
0.9964591236536827,0.8438940437754789,0.7830995071673901,0.7980875169448747,0.6039547383267087,0.7087132949557033,1.0,0.9628838095394753,0.8201431493161299,0.9941508724880637,1.0,0.9713925108457387,0.9871796700622397,0.8378872883041032,0.9929745885322718,0.8362357375079504,0.15925997742164633,0.942115920586557,0.8258373545328183,0.9796242690834136,0.7981990731924549,0.6933846310176114,0.7860240647895637,0.5513451714035315,0.9315560814792941
0.8563662296336187,0.8555289038349816,0.8765140402760043,0.7790377142447048,0.8238688772626901,0.8204444274399864,0.9826875584174425,1.0,0.883396050817016,0.987908292082959,0.9940587807991051,0.9882902666358311,1.0,0.957479096796558,1.0,0.9759983169259399,0.14956704496337186,0.9755769243918604,0.971130145263433,1.0,0.8921011897098318,0.9091848815067869,0.8683280543943159,0.6011574583525374,1.0
0.8066370408568944,0.8808559130048471,0.9601992281356077,0.8564930903316849,0.6674315808902327,0.660099016904166,0.8559969529200141,0.9255896078488448,0.9627557122936449,0.921456630439982,0.9906105466318288,1.0,0.9835473360077462,1.0,0.9342045089795296,1.0,0.20101979783741178,0.9202361672535162,1.0,0.9693922734914316,0.8662484874974256,0.9324034843351179,1.0,0.6775123783898471,0.9754148279388075
0.6550810265447468,0.7568367177559451,0.9014874833856387,0.8485158178660539,0.44402839417720513,0.4103192483599668,0.5828878413900164,0.7691749793717096,0.9788109222171821,0.7533632161882994,0.8475767211628307,0.9208433975939756,0.8183513507025091,0.8589700395876266,0.7854457931905252,0.869926092823784,0.20793820049548878,0.827900347578865,0.8866422878659818,0.782655053824319,0.7386852389342617,0.7786473604734462,0.903406310308725,0.7637726815117093,0.796297534250334
0.8168155373186586,0.7196225842611548,1.0,1.0,0.16478039459841687,0.3638770817939092,0.6520861826605254,0.803099463286854,0.9685554735344838,0.875974500267102,0.9243595930794613,0.9663380343712769,0.9781557111445754,0.9175298062366708,0.8133735145834959,0.8172507298511881,0.2569432791660654,0.8878801247455052,0.9100380435386395,0.9486137935428572,0.9667149791787083,1.0,0.858167028955562,0.7913192420268044,0.8438676728222606
0.741973881771247,0.777370732391796,0.9871893467780467,0.8192383721192494,-0.03923385886423827,0.19536985884028604,0.4352210143117599,0.7536188273128509,1.0,0.8304109203345013,0.852822299463702,0.9707164841292578,0.9427261010037922,0.8750608125881796,0.7550652269424708,0.8302598993775999,0.26103525500360314,0.8388874796554374,0.8436972007165947,0.8887710313906021,0.8466632840166222,0.7918190628941595,0.8401621862477361,0.8512532616102763,0.7951811345601797
0.6645517411013859,0.6708286078724617,0.865264150861921,0.6999825816354579,-0.13814028496852432,0.2669253293551548,0.49889517131023037,0.734465824601295,0.9398886494488523,0.7717761014044034,0.8610743847634521,0.9878284260753569,0.8876107303758807,0.7657770179639772,0.694778584020138,0.7820535251922429,0.22462739280836896,0.797008995803023,0.7967029314032505,0.884582372241221,0.821687947765024,0.6398801642983319,0.6614918260052396,0.8352498610578502,0.7215350321150357
0.549989210274036,0.5758508551350089,0.821007066937077,0.7224727264299946,0.21465064668726774,0.3929113745436175,0.41051365562671543,0.7091605344740978,0.9235231646646592,0.7396141998371152,0.7792493205156757,0.9236775466128231,0.8976657327452201,0.6780797016809318,0.6627605113703966,0.7288114610326262,0.22278564534782802,0.8004732332107789,0.7407403234138463,0.8410638473669636,0.7170935675189265,0.4987772598204233,0.5132136423361358,0.831741079239929,0.6964520275458534
0.5637844077762223,0.522784790546042,0.7303415853792239,0.7122321334231664,0.018325794530471173,0.34029194804133306,0.2785518839375691,0.683654759169126,0.8729965899809844,0.6699145313825055,0.7320659380682064,0.9067292497130569,0.8930611883753211,0.5771128283800249,0.5936299708239988,0.7195007109041764,0.20386418987401728,0.7450978739235212,0.6431755302085442,0.776061004486335,0.5699613550949669,0.25868577500152196,0.4056043940187413,0.8887884476745648,0.6275746173321334
0.5116506757161301,0.44436373176714206,0.5901372556340446,0.5678201259744872,-0.005643767714670117,0.49757518190881966,0.2321174864503445,0.6587070235116658,0.8178280766484844,0.641922925454847,0.670569634247155,0.8224401243168709,0.8815191007180718,0.48087974581783166,0.5786830187257788,0.6490698769360166,0.16564440708050157,0.7563853218020868,0.5457190580694771,0.7498318625953023,0.49424919112244464,0.09790054029721136,0.20756250597086612,0.9054166406862242,0.5865759983496216
0.5415388181445543,0.49630540647547644,0.5314616634655988,0.45261439755845073,0.0010047087297227679,0.7476028880072955,0.2980069448515625,0.6470769252707798,0.749193439131611,0.645359714151543,0.63781333856987,0.7130661073111331,0.8633951070605074,0.505929165988208,0.5258144712274265,0.5677904785947568,0.12453163222565923,0.6977797916882643,0.522001093922264,0.7234205754956544,0.4952004017442625,0.19398677187817348,0.21788974845154793,0.8402276591195849,0.6080687268197318
0.48489250014505303,0.45333808286925,0.43394798051105077,0.3492023745058,0.011102385473995443,0.7924616439570803,0.24459390288605068,0.6555481124177466,0.7908657771144637,0.6368972566403781,0.6060531343613995,0.6775263517513703,0.8082950808994265,0.501274162527466,0.5425460085495003,0.5598778010968604,0.05700204145739152,0.6407962347763964,0.5051668410054867,0.653463119705836,0.4186300945240055,0.09955523561672583,0.2808325788533437,1.0,0.602203423291595
0.2641632421953798,0.44065749343650396,0.384182781787538,0.3853013731856654,0.020967479714160926,0.9957607706660165,0.25961789080404474,0.6322102309255088,0.6836096602059992,0.6061636948448461,0.5993548328658586,0.637507856380319,0.7252865554211309,0.4598496872577688,0.5659866975573198,0.4298936571154013,0.021454594312799755,0.6126331531718177,0.5021573383864429,0.6419329008197675,0.4530096966927903,0.1388734131393806,0.20303174980806798,0.9359793835965868,0.56821100983288
0.28386417327779684,0.5072497789778936,0.4156350783855159,0.4223311822536892,-0.020774683860663487,1.0,0.2622896609076358,0.6058894890314307,0.6623583048931151,0.5934376339055575,0.5828803134327489,0.5852326885582291,0.6857367960155057,0.4614091109579846,0.557281175685469,0.3413612649769356,0.05523792131303684,0.532885688315743,0.41845772250458435,0.5730396599828717,0.3917936416212689,0.1134774073358645,0.3580615220563154,0.8813110585350498,0.538797436566039
0.35582996711056825,0.4637492880009534,0.3359548206274939,0.5108837705474896,0.013118566846524305,0.8696576771024638,0.2670690668952301,0.575278538060954,0.6429059588823656,0.5487776758293802,0.512813035032984,0.5888932592645482,0.6146059083638152,0.478452609130355,0.5527035945925202,0.3208138209492633,0.04348846136350696,0.4954708883459689,0.40212597586128757,0.5227632870268542,0.33211841982659157,0.07335777815015614,0.3770415732705095,0.8096549847186221,0.5407260759635487
0.34669068014107207,0.43911397192668045,0.29260689423128794,0.5453194912584807,0.006443606519429256,0.8155003077462744,0.25762494781804646,0.5449895667525974,0.5595546126272307,0.5372633959339407,0.4646650357384978,0.5152404945163429,0.5136597319928033,0.4427220699686491,0.5842522892895705,0.2980036210022081,0.06344205579418342,0.46530967636747944,0.33017959360258525,0.4831904940514053,0.3584217504425547,0.04974628847509869,0.36849386848975546,0.6958560612518996,0.4976121774566838
0.28328658103266147,0.4073960879234146,0.24505492927919187,0.5843906825010182,0.0018849419942142268,0.7083391351733298,0.24204121142292692,0.4776456933807156,0.4391833089630547,0.5185139171260146,0.3848849585670475,0.454800182193297,0.4551097956024542,0.42466794692305876,0.5946148089597731,0.20401998332255636,0.05300768026155969,0.43973401819491514,0.26476967574644233,0.4244518154499919,0.3166535163285774,0.012577649765124809,0.43290855579195825,0.5995805711796237,0.4468495685889828
0.19357450217044878,0.41790214725206676,0.27710453715828687,0.5707416317494383,-6.508441546007662e-05,0.5619646149077898,0.25171222984535047,0.42966324482283974,0.3486841113880918,0.5280363665133727,0.3707211277405,0.44398778295617325,0.5405992719707865,0.42892994804729684,0.6296681688460607,0.23700832084203652,0.050558971073080244,0.4252548120156896,0.24369839392854625,0.44212963976971925,0.3606269282822353,0.03375617666940571,0.46687852469882557,0.5341854458938353,0.43108443443679867
0.24771262774773703,0.4386138070268857,0.27371387025477134,0.4893420156361085,-0.0012053451263536676,0.5152834942371364,0.21981100855973762,0.4008709036074885,0.28000520229374376,0.5410625882556781,0.3243676308139377,0.4254709922730465,0.4931591631488466,0.4171117862590287,0.6537726517092164,0.18483818856227993,0.051983868596708595,0.3966621732582198,0.23367788983838786,0.3922543820867764,0.32016392687204304,0.07822666267609038,0.4089254420505988,0.4884418941484267,0.3716492602245941
0.3681862927251619,0.433191250917592,0.22764246581260716,0.49082125107340574,0.004216411739729782,0.22463885749284448,0.26663525303833846,0.337769104319843,0.3063669639823372,0.5002333761378382,0.32363552981478455,0.3554138282377502,0.48786461143270227,0.42815804575734234,0.5521820642206466,0.17282995106090732,0.06367149641756374,0.37482526902859564,0.2218723902896903,0.33852339524275077,0.18870447731975212,0.07256479997299262,0.42007527417039864,0.5094383139333268,0.3243179803031278
0.20097422581364838,0.37783249481171566,0.22725613007869294,0.47271378348087884,-0.0011223472900029436,0.23891748437939045,0.18225012791541353,0.2802274676211391,0.31461470310541856,0.47205334041650965,0.263946620419521,0.3079552891014269,0.43521409856264437,0.36724000766014414,0.46737843295958786,0.1912650898507752,0.0536810445043177,0.32722571421230473,0.15544693740543003,0.2545399682575101,0.20920924380778566,0.13116534369597102,0.3568608698361441,0.5378640932400832,0.288583697982232
0.17839803211672367,0.3604200412360566,0.24255869408674766,0.3534497874567543,0.0005681200377543136,0.42700191798927245,0.10719766645332891,0.2630323874277789,0.20244514903466265,0.4160397862554384,0.2735234056049766,0.2969476840642445,0.41127558523654983,0.3174544483245702,0.3679727258323001,0.1862997411634341,0.03106733487568695,0.30075851693339584,0.18586080151889414,0.22906409835251604,0.27576222782325427,0.1937484264608724,0.2940933091560886,0.5353634456073928,0.2506859257121409
0.13282666953533534,0.2932490441933718,0.19021039077894145,0.2551473052102908,0.0006110027600901586,0.42651296638716957,0.061503829433266495,0.20511023176485757,0.1732015823031658,0.4052688046149241,0.2155511746371379,0.25635767171919527,0.49664188911732954,0.23825194904443442,0.3007436514492027,0.1663473294722927,0.032209378622196104,0.2841176019157,0.17299034566055885,0.23477247538815318,0.2436975623895036,0.20461829498887882,0.2447274431227392,0.4838620569417418,0.21827457790588226
0.1445705635946751,0.29017365768108067,0.1416069846390865,0.12615863375230146,0.0003996304762361714,0.44141554221372464,0.04333103766679974,0.1486857767682917,0.12514815526456402,0.3343610576826469,0.191073593697813,0.21789918631736518,0.47426517138378516,0.18069053862606468,0.2238217857189378,0.19234762973976802,0.024485218292699562,0.25528529114749654,0.13126697609326515,0.17714463724905902,0.20118871589855106,0.2689322435146209,0.18599748379903794,0.39763619637994896,0.15972117508503478
0.25951473180146495,0.27555769619099496,0.10977839768333525,0.06652007896697663,0.0003704337291138941,0.4903047819843629,0.09339249802214104,0.1829713533802599,0.14384368056375435,0.3317037114265535,0.22729518590625447,0.2559308744611745,0.5071705732415738,0.20071590569619072,0.21632697331833384,0.27892404793069975,0.028152348036689527,0.25131569386351676,0.13363054467471713,0.2296835451365336,0.1734614126281714,0.277104078022026,0.16011266341350594,0.3712425180727908,0.1898621845076283
0.27282631390872614,0.30248833666502156,0.07603314056790493,0.07987644463417055,-0.0003515774965974233,0.35808458696734347,0.17446669100952542,0.13063963778364338,0.13273248654535666,0.22665422822669237,0.19319290616209597,0.20746614181012482,0.5126164499249972,0.15563698934321699,0.10686660155527133,0.26815477669176696,0.02954471502405042,0.20251357693714192,0.08884531581801362,0.18249119252545362,0.15448417704169493,0.18494552740788078,0.19022194616597804,0.20239301576247903,0.14359931240643656
0.3486417845683447,0.23309730577247642,0.07419832667590014,0.11180117634697809,0.0004403842690943502,0.40737635730580424,0.18643985421016124,0.14904603703133976,0.11683585096411758,0.22501655203845505,0.19330785483516427,0.227120363219803,0.38769552424543235,0.12142967058670735,0.09490467698962797,0.31348195305932086,0.02670684369217495,0.20107620916382332,0.09063871857833707,0.17477073472510984,0.22440592313853014,0.20613547533177637,0.10245620384541645,0.24063359253835334,0.15045752539207796
0.40331180126040134,0.12321863691073227,0.12090626575395835,0.12232973166334243,4.288272233584488e-05,0.30986088615598184,0.18499699821290952,0.13405321711765067,0.10726733911625087,0.2199664981390967,0.19448287473668016,0.2093667705428328,0.4113127245974977,0.1304862765679959,0.08508891291405,0.3003590295018344,0.021819190368930062,0.17367466968966574,0.0852082512761224,0.2059364496611772,0.2702179474690003,0.14103769164138846,0.027968814851508293,0.2583417453801592,0.12061139264913337
0.37956178258306944,0.13942978907151682,0.07475304306500548,0.1434568668196644,5.559547264533648e-05,0.20428290413169767,0.1947112955866624,0.13493970708107428,0.11372797792282034,0.26045422115125677,0.20159526415259468,0.20958745889368705,0.4150222833382506,0.11595216028988105,0.11336680102153457,0.2616589634814803,0.04066042328667025,0.16767813680784613,0.10777497707808412,0.22646873769124276,0.29072802169737794,0.07937005721462025,0.05506814918566347,0.25000723219055554,0.1231664571702264
0.33375125479813106,0.18290081818676557,0.08768833227039416,0.18889011530537414,5.4257288402232094e-05,0.14351699681856048,0.2208636753456771,0.14236552792707116,0.1017628024673146,0.2469739570103288,0.2157533606630628,0.2242836641616088,0.3149450533339426,0.13902627650902935,0.08248847743268574,0.23921692871098219,0.03688360068566226,0.1437253247923184,0.06586583202425605,0.24034716751948754,0.28544636089066655,0.06776151289092694,0.09059191806157287,0.12108303023019366,0.11442070591180653
0.29784930574884844,0.10080146923320747,0.07432479282517425,0.22255007591660772,2.0681029211613133e-05,0.008283448409263339,0.19303455745194045,0.1274882092353476,0.08665852270811156,0.2129019424193279,0.19099159414759825,0.19202164209162997,0.2092233122916747,0.11249958735057976,0.07075723246116192,0.19773550831904638,0.0331273955246064,0.16664757611190958,0.07492346422668528,0.23891468346516506,0.2863934106616832,-0.005076530732868562,0.03905772543172926,0.12352635834649574,0.09657107980717243
0.2057714276592663,0.06448457677370366,0.05762544545102343,0.21487048395409836,9.123983475711677e-05,-0.051767651014379586,0.11370030963706586,0.11756233413128728,0.08145053523755581,0.17672175248279032,0.1438673855090182,0.1537463546586387,0.09450926168703322,0.0975537100502412,0.06770413954150016,0.14619599026700755,0.019364018805800985,0.13261618050891533,0.07592027467890915,0.21652668547230186,0.21641334183836475,-0.025799523574551203,0.009699423696331784,0.13333062856113348,0.08904989222935189
0.09213023000196703,0.06555611660004639,0.06956808866103267,0.21933947563155715,-3.3576259190618965e-05,0.054015044939565604,0.09469724887696837,0.14637992788338466,0.09466417143485538,0.1981310539682169,0.12888826472404713,0.16940636778544665,0.10317741136052971,0.09384894170800662,0.08289404223246961,0.13119302940806885,0.019865411912533416,0.15685926214888213,0.12092216546695313,0.23025486279722573,0.22138876180177794,0.05735909317050374,-7.685384987135682e-05,0.2214343054832756,0.12369264635443761
-0.004342534930569348,0.05980559354322124,0.043347481411026345,0.21675114484738936,3.4184524755666414e-05,0.03547705839637586,0.04545625763336839,0.12021117572465054,0.07460832504318293,0.1612245168279057,0.1174617963208088,0.15231889492079428,0.19385781737298516,0.0983520669690557,0.07338017268341117,0.09385097118912417,0.013282641883081387,0.15307148175846577,0.11308076511571671,0.22637793549995147,0.26061972829898017,0.016275881127689223,-0.005682810636333546,0.21367541445772326,0.11721377882456017
0.0047835593146257115,0.10510997998048707,0.05229254098514346,0.20645856843344484,1.5145812569681381e-05,0.004479032665008231,0.04765882451694126,0.13011691386292698,0.08863624518559844,0.1735023538944235,0.10181852974587488,0.14715977759979712,0.12010267266723598,0.07813939821771511,0.07074084932948023,0.0485092993133889,0.01521920503885554,0.15691728151422962,0.10587104464623193,0.2161164645626402,0.20317498377855478,0.0040630317693348475,0.01880588278720894,0.23487542289434246,0.11144511141821763
0.014717103766415105,0.10063863475920742,0.05942737585357596,0.1576594383554187,9.914728710273356e-06,-0.0035092409184391414,0.039921788812627514,0.11875985996046516,0.06801807828109925,0.1425108833054281,0.11160655241029975,0.14129091113863287,0.07992521006120436,0.09504637815872531,0.08815198535392356,0.05910746421972271,0.005328833783637016,0.14578411077390419,0.06576753475511737,0.1784405277892956,0.18702753914506678,-0.003046599417005311,-0.0009936725022146385,0.1907109630876496,0.0938516118437041
0.037067445382027484,0.06824554978333736,0.047068468487919554,0.10641806050341365,1.040134116231131e-05,0.0063628514390948986,-0.0028828352624526874,0.10391942820278267,0.04649903981999821,0.10700845306589098,0.12209719310014323,0.12332264673214971,0.061325097796124,0.07950692459628608,0.09537909888286034,0.05839504338862525,-0.0011411203364673351,0.12856899650087547,0.09356556586118775,0.14442206044256495,0.14578145049774235,0.02465652913543461,0.0024587610093738817,0.3001129406976615,0.09330364187645027
0.0014318001943883444,0.07334411156829806,0.04588672784764927,0.06226538579989982,-2.3418224254326637e-06,0.00969401626710816,-0.012885406318560937,0.0922838167373504,0.029648535922767047,0.08421568942130066,0.10815108515964778,0.1150474341296773,0.0535232144273938,0.06689467672824419,0.0875671770934453,0.021124071794394784,-0.0034884131080784087,0.13790948311670242,0.0673923441490157,0.11071414087794779,0.15742809882480316,0.050587306198142085,0.0021117013065300332,0.2596295451928936,0.07656098722276908
0.0008110698501603278,0.05858671914202442,0.0414695954883653,0.0328397416593539,1.2773576865996345e-05,-0.0033619867113517518,0.022200176682883575,0.08508698751525107,0.0135469092486143,0.08124274368997564,0.09247727131110411,0.11776732230374588,0.07120556133008217,0.055877598667105406,0.08662394101205326,0.0013456223084160972,0.005510066091220641,0.12132879470128591,0.052032009718896134,0.10505544918378756,0.18664742004890175,0.06227524263907675,0.001403851718494907,0.15483304900319064,0.06172148597509158
0.005438265956562719,0.04480614737539831,0.03584832231977451,0.07899701159282677,-5.991415815717334e-07,0.002788738865708472,0.006304162569492528,0.0747101834873499,0.02347949053150733,0.06929426091047698,0.09989361079284621,0.12459898390434326,0.059421689527877,0.050943293667595355,0.08362390225882177,0.010861355398438476,0.0009722338147440601,0.10365188100367108,0.021170107263163068,0.08445293089462985,0.1990472520513957,0.08998718213499272,0.0019975137490857533,0.13176572948837806,0.04836639829662115
0.0017134292685860124,0.026708905264923134,0.05670269463434601,0.06332974299075933,2.8588481557229917e-06,0.00509688111004532,0.0006330449229753227,0.08162738054596572,0.034738985437366275,0.07404002644828928,0.08568305117881127,0.11023016314689918,0.07258790934222858,0.0600343061991987,0.07607587195047144,0.0006783516976599235,-0.0005039424303739563,0.085645639840402,-0.004095271254261333,0.10547968276592908,0.1639361701782131,0.10377791715546938,-0.0008460750036322186,0.10653573686714284,0.0482162048133958
0.002036429963350493,0.03283179060719727,0.05054834259835466,0.03193234659409659,2.1715080672193786e-06,0.0036514390893792603,0.0005349094477276735,0.07606725773005335,0.053327295406150534,0.04828423160213924,0.06465582428810311,0.11781578577313984,0.09245910707746055,0.05821090420477246,0.06917773986576907,0.014486020646944936,0.00023113548612631646,0.052079015421017116,-0.00765633040571527,0.09151588293392245,0.13493639511632224,0.06832821396928647,0.002359392466769638,0.11344615466058823,0.04122490362865536
-0.0003568488890689272,0.02404246657405857,0.04387214616256583,0.015591468606850397,1.1374566066387222e-06,0.0012194732849335897,0.005852273014594553,0.0685633809910521,0.04130305806433767,0.04338404781914967,0.05582505562832043,0.11314147486088373,0.10790745367437464,0.042338900899001594,0.04639746554612497,0.0045763345759294695,0.0004677729944762039,0.0302790518784684,0.035228085372490336,0.10583640731848273,0.10646771707000147,0.09135979254966665,0.0016568559566583778,0.19920817255003911,0.044037105760707476
0.003502389460311463,0.03641077928480425,0.04614466517333193,0.0036811241079267405,2.1715080672193786e-06,0.0014942846130015488,0.006421268378619831,0.05609296424927175,0.05430292861457483,0.03465163649543283,0.03695178169624815,0.10717250046445653,0.11865338725431625,0.03869495583337875,0.02479248097303677,0.003329899867709478,0.0005754720096951701,0.020069618934461374,0.023493186534957196,0.09908780511165521,0.11758371438148266,0.07233313163563025,0.002043324564568478,0.16938720714814504,0.03222179567603888
0.0012944483019461741,0.03051633054572466,0.04250735901457634,-0.00025213107545695633,-4.3977600352930283e-07,0.004658961048660391,0.004460141423726157,0.04489945224861492,0.0546519941302912,0.020339981066687253,0.027974593446923518,0.10340781347564346,0.13239144013423712,0.04368378874767287,0.014048493656734556,0.0024451974136029267,-0.0005122525224930759,0.016630382907425887,0.026102900041344083,0.0963688594380996,0.07839791485939215,0.04789273566438078,0.0019443700460192858,0.18458190688663692,0.024050770274290575
4.8062856291386425e-05,0.02293799593395616,0.04029282701767398,0.021275962920376604,1.3503495544053281e-06,0.00454253286411423,0.010731617067386977,0.03912874152197327,0.035626639946451814,0.024027428133700846,0.046683455970436584,0.1071827969210637,0.12484013969417032,0.04713539635040454,0.0035777011962742434,0.0083371584134809,0.00029317356485411306,0.021200914643173866,0.03156143224302665,0.08813165213036686,0.07552589758059262,0.02039792756047897,0.0013513195894228034,0.17854432712186544,0.01900044374875814
0.00046556822582023466,0.016446059032666705,0.035340006079647567,0.004535218750412491,3.144732971295291e-07,0.0074894699889554335,0.010912123896837751,0.03714673415254131,0.03641356663653891,0.023505254297419807,0.05086839888909363,0.08393510846762667,0.12037870187178958,0.07788024288863714,-0.0007735335373841018,0.019765673008885647,0.0002476813369031394,0.012860584738319218,0.022084184627378062,0.07595682139571654,0.05634240776648305,-0.0055881521322382185,0.0024452920729742347,0.23099520144462685,0.017091714323434662
0.00029114340073967853,0.008202905038101718,0.02911113369463052,0.0022047512233038936,3.4062871642656923e-07,0.012042220475034084,0.0038665334397700256,0.030109049016799068,0.023164553118388696,0.022862299373202336,0.04645767204269241,0.08052442149473703,0.13986875486239705,0.07258692399595665,0.009432237632930489,0.026767397042492147,3.941901963253714e-05,0.020153594029862377,0.03024475638887269,0.07022928900141333,0.05702304415288848,-0.01589564186797067,0.0038830069897110293,0.20997521791132703,0.01685147230911468
0.0005882758764376706,0.0025495544737151156,0.018781422233284245,0.01418240088321767,3.3819565416637946e-07,0.012671297887238472,0.001276232526828397,0.032680141126733835,0.013394563465400097,0.02966961384230026,0.04332961311982377,0.0687642085297996,0.12447769978846437,0.06318698299728064,0.007521799177513942,0.036604558290802613,5.6236180065313515e-06,0.023806464456768532,0.020219834469411658,0.04758485248804964,0.05647861525567081,0.02366414787695868,0.005339569001475642,0.17434427777466166,0.01689603525841674
-1.3677205597949645e-05,-0.001916678444173141,0.01731893103188338,0.030721011455102885,7.42083989357883e-08,0.004392978640037483,0.020350249782248957,0.027612145227553456,0.014648554501840574,0.03782427149067332,0.048770934541785015,0.06614247846977338,0.11528362036118077,0.05663771217184352,0.00858660631605039,0.04184868045978624,-1.446286864977611e-05,0.029069675797555695,0.015606319314181567,0.044881538996436175,0.03950768758846244,0.0021648941431925625,0.00921430104886897,0.1669429725165189,0.018490171078725994
0.00025185321970083615,0.014729821816539729,0.005502115830481986,0.04507554678397229,3.4488657538190135e-07,0.001115495822230238,0.043179881263567886,0.029254543971156857,-0.0006433407501114442,0.04856333960140243,0.040502648910922916,0.05667131057082231,0.10013624323687689,0.05359895986916024,0.011956287340333379,0.028056244562775074,0.00011439381280429482,0.03422170398135627,0.007075730373396418,0.0398294716585691,0.03598141760309818,-0.0005616115982811676,0.014485128210247554,0.1001967325959672,0.021502170633134383
0.00022123265328080676,0.007699204706619822,-0.0020531059953681485,0.05703629460422595,-7.116707111055108e-09,0.023002855546287802,0.06106376123199487,0.02509638833209896,0.0018070251360504624,0.061882754483258806,0.03632713495245412,0.04035824773350638,0.10669889321116936,0.04146416179212465,0.015792538594739912,0.038616203438127016,-1.834481028167827e-05,0.038074436219646714,-0.0015160890504341828,0.028168163702534336,0.021850647835220647,-0.0002483337577036482,0.01467388948508609,0.11621228447153231,0.023034257484592174
6.202901693718008e-05,0.0015982278158976986,0.0017506717946067186,0.07096952561596012,1.3260189318034302e-07,0.04987976754320194,0.07805097401152912,0.023350336663713,0.02089169894940481,0.06677697924497011,0.03638841026136993,0.036849322131297026,0.12171646097854387,0.041965549318588556,0.014774626453128565,0.03282002055317942,7.388476849006617e-06,0.033581895329373466,-0.0048926377807074735,0.0341293391177057,0.026943127929454046,0.0013690108670907336,0.003682077469428406,0.2132245078343895,0.020162118616273
7.15645335160323e-05,7.315740324841e-05,0.00502537124190586,0.04873937611204338,6.812574328531384e-08,0.07281242290088145,0.09286439649283537,0.01761071321938959,0.02169707090419705,0.0680829305701439,0.022596102552877848,0.03988415618237623,0.1275161279100477,0.02213017510232872,0.01714249376519359,0.024239574167115953,2.3277889875014002e-05,0.039105494942748016,0.007108905856409403,0.038579776769295124,0.008621556815415269,0.0022848411183002226,5.72147088251764e-05,0.1859332676114327,0.025043879721660736
1.810784966489108e-05,0.012984955494319377,0.0044767778582592045,0.05863759791226245,4.3977600352930277e-08,0.096932689340534,0.06636640297203851,0.011342673325163654,0.027614166163442533,0.06423473001342307,0.016758943966331062,0.049317834183719475,0.12416781910128957,0.016286220377808944,0.012927644087749228,0.01751207546988017,1.2623227652958673e-05,0.0408640782123891,0.0010724782306650606,0.03764793778986906,0.005481426358656768,-0.0023517217092769624,0.02824494489483374,0.1444462635924667,0.028271112746386235
8.726442444889e-05,0.028941620775138652,0.007423777756924861,0.045029195242158405,5.918423947911641e-08,0.11693227114308381,0.08972132584163207,0.010086980188690909,0.031219633123227564,0.06977247780878057,0.01781521098931997,0.046349214135283125,0.13523944260922574,0.02405330499674852,0.012765768726653352,0.013034715985845423,1.0424632315298808e-05,0.047221417421599785,-0.0002352586395262469,0.06028653185026414,0.010097316038083778,0.0014141864016824868,0.062248511599907644,0.1605554853700226,0.02308051317830241
2.263481208111385e-05,0.04034507874340706,0.012055843942708044,0.041840582541798566,4.184867087526422e-09,0.08124542208488593,0.08185615164385875,0.017484171971038926,0.023319988394268708,0.05906416445643113,0.006749638253216275,0.04954543928707566,0.11261551313454043,0.03075575812393981,0.008533466108928536,0.010343765451405853,-7.29873826379601e-06,0.05606821551295639,-5.21873487724604e-05,0.06417149328479395,0.031506254834034166,0.0006989709806817858,0.09163817438817082,0.15105149458980072,0.018285054680627907
2.003421665051779e-05,0.054229954960822495,0.016056330998701615,0.04124319855954851,4.4281733135454e-08,0.09799424445238697,0.07077679221826887,0.020314472698081086,0.03184601380600828,0.05989911642521107,0.0056567852227297575,0.04884674338579983,0.13000778591480716,0.020066692651714808,0.0037354011238094893,0.018090432139714768,1.147158247608922e-05,0.0597566506400918,0.00048750037926180835,0.07044447500545281,0.031617550329863624,0.00024422566625342373,0.11977052181794562,0.1334024265836985,0.01606879819785048
2.677650110021128e-05,0.06346051147210542,0.017980078558476876,0.037905223213617875,8.576544467168977e-09,0.076140748925682,0.048403353229824767,0.02076159971154111,0.024690181515105998,0.0522467625546983,-0.001396404737640056,0.050369411274421697,0.11292432033464928,0.021513734980497898,0.0004422375145459368,0.010027126004021709,3.1558069132396683e-06,0.07567770489088553,0.0007450432666746406,0.08840595304998645,0.033685797774519556,-4.418606314719195e-05,0.14083423378641943,0.10237405873159983,0.016630125412748813
1.2425067057292282e-05,0.04165328332014869,0.011613733681896202,0.04445918387352858,1.4780853230652916e-08,0.07199847075775026,0.004372300341070691,0.02326686588564813,0.01557254878804002,0.047205558951202126,0.00262547812597529,0.04650394040090926,0.10445126895486746,0.02163478728863321,0.0017554992700711531,0.03546846630986083,1.018532942140386e-06,0.09005635518029446,-0.0006779904719237331,0.08785334230586739,0.023328958836053203,-0.00013124607890787571,0.09261777791912341,0.06495959238390296,0.02233205401242758
1.5025662487888342e-05,0.05653972801191927,0.01637859825463139,0.0784754609058103,1.1678698848910945e-08,0.07175546575340586,-0.010001506757897852,0.022139583521667845,0.006853129518624218,0.05277357330860157,0.003810450455533886,0.052024098419788715,0.09415687391388175,0.025074171360123437,-0.0011830112086182111,0.06231026385957631,2.004161736370216e-06,0.09388011572221201,0.0004048928903400541,0.10499947033484974,0.03181935912919517,0.000468773042341524,0.12594658095847466,0.030352058453444016,0.019478072148523318
2.6583864401648603e-06,0.0448453442556522,0.012996450024412355,0.04364821566625195,5.6082085097374436e-09,0.06809763504512845,0.0803399708271923,0.017298710412614056,0.005569124396465033,0.05447889621264187,1.081605918589902e-05,0.045292697836879295,0.08722621530593355,0.012525536324792001,0.00211486111849232,0.08500484682075339,1.0873325241351843e-06,0.09379194996976109,0.00026028296864689005,0.12451562978696575,0.025629295256388067,-0.00012071821050862861,0.10007708269393656,0.04380133701355034,0.02138051253405582
1.0402381722384236e-05,0.029431566452792764,0.008331409990899395,0.05726918451385876,1.0401341162311312e-08,0.08086170350365092,0.12790058227587164,0.01942770835061618,0.009937060049737835,0.055498924436442096,0.0029325155260164232,0.04786869670305805,0.07354452811611073,0.014558636244092225,0.0002249600481478815,0.11879310039851927,2.6622446945813312e-06,0.0951027922215441,9.637739737835017e-05,0.13085882413302133,0.015331577668102832,6.909225162222462e-05,0.06519140612235196,-0.0002460548768556029,0.028936231607262157
6.75191628462162e-06,0.013238355919207023,0.0037534650102324612,0.04591039568188162,2.122846822015583e-09,0.13857253633048958,0.18870877643912257,0.01404771332663789,0.029125494749347367,0.049823569520184095,0.005160925883864268,0.035998923953074004,0.08396160610409402,0.014956710179288103,0.00015439438096645223,0.15446451369494316,-3.724151286240177e-07,0.0781929104915449,5.011589190697221e-06,0.09702068970224802,0.007785918772591976,7.154100821630415e-05,0.029563227026298364,-0.016397575889883012,0.02953878341233333
4.045370669816091e-06,-0.0027016643976313314,-0.0006828397326584336,0.03137249131427031,6.265135319988684e-09,0.08024442626859199,0.25179195493033624,0.00962700740729555,0.030185538556064106,0.04077663511582649,0.008585267394416923,0.028998158211155176,0.05409631476116419,0.020243404564464846,0.00024627767949132783,0.13411176234300276,1.0379763022693506e-06,0.0718639238680363,-1.9077037042777486e-05,0.10451588773052511,-0.0009644782930852511,5.9382431602432784e-05,-0.0060918465554183135,0.02534149651721929,0.03912336748332278
4.738862784641708e-06,-0.008912155287097974,-0.0024398202952605704,0.015753101892276897,3.4123698199161672e-09,0.10277134317632526,0.292823638272175,0.0067878582743447855,0.033849487429558754,0.03759164265078763,0.010538321818293686,0.021591780077020725,0.04482929976066839,0.01692235423614906,-3.195613685192384e-05,0.18106113303931218,8.749512058034151e-07,0.056529279747965164,0.0001623901326935093,0.09660041259888179,-0.004771227958025942,5.0827443979986354e-05,-0.019938402433451168,0.005182364167996523,0.041757162316612806
3.6504654377626167e-06,0.015232480012689826,0.0043365871080723005,-0.002919989375446563,3.7104199467894148e-09,0.09201174021389509,0.18181622546351314,0.008539709095852442,0.021133280509464083,0.036230486004147903,0.011921184976540551,0.019620958429392155,0.04578795536364105,0.014391739380485845,0.00040812028032389,0.18258647683960666,6.251788103005599e-07,0.06222649183949619,-2.722344745563923e-06,0.10053832772393291,0.008457796490890278,-1.908891813401555e-05,0.03388482996024212,0.004436811814206915,0.04032425632591806
6.068056004724138e-06,0.002248957040248443,0.0006951608465597173,-0.00542894790511983,5.109430746398539e-09,0.08390024670407185,0.23374565193719768,0.010742297915319268,0.028373682598920116,0.03099763144610428,0.007459367086313284,0.020169371849261233,0.05200920343215713,0.008049775898171744,-3.691997674948192e-05,0.15760023916816923,9.018727813665971e-07,0.06410904682522135,6.325677373675225e-05,0.07590766595569326,0.0013765097666822183,8.382554205286644e-05,0.004920670355514221,0.0019753628081337635,0.03483178545150871
5.865787471233334e-06,0.001771052871854427,0.0006023409514180387,0.020372974279811874,5.291910415912772e-09,0.06884826497487148,0.23963816561546653,0.012740140243213391,0.029117432364468763,0.03553254784105059,0.009479999502850119,0.02000998898840579,0.04131962201193586,0.01686860287052731,0.00032693956782254793,0.1287512752524446,8.525165595007634e-07,0.05954972886790869,8.936880332619117e-05,0.06377335543447543,0.001401447135510713,5.1602047221133774e-05,0.003908143834792582,0.00903533491328868,0.031106279563750436
7.4357765645191034e-06,0.003321516427846827,0.0010371939170175785,0.008017159641728402,7.238360224064596e-09,0.040584335114103434,0.23310683386234116,0.012717701120916181,0.027098612238767594,0.03142842968503884,0.009682049666889118,0.016903295816401678,0.03345015353723063,0.01441360272136304,0.00029471870884288296,0.11014577183071178,1.4059045016328379e-06,0.05248551103158474,9.990468996800016e-05,0.05625294502158292,0.0020702001529091787,6.250711372041788e-05,0.007275824268328957,0.01084140786799341,0.028212903771620793
7.377985554950301e-06,0.005533736540836428,0.001650948761761157,0.007269858152381455,6.265135319988684e-09,0.025074419588401682,0.22393861064458295,0.010413935008022056,0.027095830869139158,0.032882311038883776,0.009577243047276474,0.01787361240979713,0.03629455488634963,0.013594074591488725,0.0002888495816689516,0.0886601498950633,1.0992976688299318e-06,0.04630359645213027,9.472336670718179e-05,0.08333900643553672,0.0033130100625126504,5.800767924140505e-05,0.01223986606682763,0.004997296302351427,0.035894792753003835
4.2572710382350305e-06,0.0065459280854835485,0.0019029818194256942,0.006361653480471299,4.136205842322627e-09,0.027732752871777133,0.2187190235405097,0.012120829994927524,0.02574805878763383,0.031491955980794246,0.009977046725049543,0.015825506879276707,0.03147905928562902,0.013987030501886755,0.0002912045405972637,0.09666551582423685,6.999609646427321e-07,0.02833983829191834,3.361910146356974e-05,0.06562936332954138,0.003776955458353871,2.4935488684589117e-05,0.014532476038108566,0.0049476595661127245,0.03111022464685065
-3.3037193803498087e-06,0.002677874842101042,0.0007141711720092016,0.0021884958202154285,-2.8953440896258388e-09,-0.0796689446332032,0.23920102047043323,0.01204098128564862,0.02664583742574147,0.024183968339926743,0.01101066390063046,0.005068614378768295,-0.0011505564596736594,0.013549415397872435,6.117853173101378e-05,-0.011305067016347743,-5.189881511346753e-07,-0.010760341696586483,-4.239268235910269e-05,0.05169886434543709,0.0012872999112030362,-4.5533199218752686e-05,0.006014068190293589,-0.00573144439202943,0.029183203582425498
-1.675939277495238e-05,0.0005747778132006452,-6.0941494841027825e-05,-0.00992706211206961,-1.4902506343662405e-08,-0.2065556658507447,0.25203759183041313,0.011233414436023194,0.02602388916036239,0.01422216075814046,0.013310024096124794,-0.010277071052410979,-0.043850891497675626,0.01269553711814796,-0.0002606468349854268,-0.12858026218449134,-2.7071139871866347e-06,-0.08616378855375677,-0.00022957718853755028,0.036707973892310994,-0.0004564708672485089,-0.00018221429860734015,0.0015069921725572206,-0.02219010334356934,0.028321043499144424
